Question_ID,Student_ID,Difficulty_Level,Attempted,Correct,Time_Taken,Score,Attempts,Hints_Used
Q_1,S_159,Medium,Yes,Yes,449,4,1,3
Q_2,S_421,Medium,Yes,Yes,271,5,3,0
Q_3,S_408,Medium,Yes,Yes,469,6,5,2
Q_4,S_11,Hard,No,No,583,4,3,3
Q_5,S_419,Easy,No,No,62,4,2,2
Q_6,S_378,Medium,Yes,No,442,9,4,3
Q_7,S_152,Medium,Yes,Yes,587,0,2,0
Q_8,S_144,Hard,Yes,Yes,526,4,5,2
Q_9,S_262,Hard,Yes,No,556,6,3,3
Q_10,S_337,Medium,Yes,No,211,5,3,0
Q_11,S_79,Hard,No,Yes,221,5,4,3
Q_12,S_26,Easy,Yes,No,536,5,4,3
Q_13,S_60,Easy,No,Yes,342,4,4,1
Q_14,S_413,Easy,No,No,310,5,1,0
Q_15,S_487,Hard,No,No,10,5,3,3
Q_16,S_292,Easy,No,No,489,9,2,1
Q_17,S_309,Easy,No,No,496,7,1,3
Q_18,S_127,Hard,Yes,Yes,93,10,3,1
Q_19,S_223,Hard,Yes,Yes,76,1,1,1
Q_20,S_172,Medium,No,No,68,4,5,1
Q_21,S_130,Hard,No,No,467,10,5,3
Q_22,S_490,Hard,No,No,287,8,5,3
Q_23,S_298,Hard,Yes,No,594,7,4,2
Q_24,S_143,Hard,Yes,No,302,4,4,0
Q_25,S_217,Easy,Yes,No,285,10,3,1
Q_26,S_262,Medium,Yes,Yes,512,8,4,0
Q_27,S_310,Easy,No,No,208,1,3,0
Q_28,S_381,Medium,Yes,Yes,242,3,3,3
Q_29,S_63,Hard,Yes,No,591,5,5,2
Q_30,S_100,Medium,No,No,251,1,1,1
Q_31,S_311,Hard,Yes,No,183,3,3,3
Q_32,S_301,Easy,No,No,427,5,3,1
Q_33,S_357,Easy,Yes,No,294,9,4,1
Q_34,S_432,Hard,No,Yes,514,3,3,2
Q_35,S_211,Medium,No,No,60,10,2,3
Q_36,S_353,Medium,Yes,Yes,589,1,3,1
Q_37,S_405,Medium,No,No,218,7,2,0
Q_38,S_313,Hard,No,Yes,56,0,3,2
Q_39,S_119,Medium,No,No,282,7,3,2
Q_40,S_492,Easy,Yes,Yes,219,7,5,2
Q_41,S_230,Medium,Yes,No,315,9,1,1
Q_42,S_250,Easy,No,No,543,7,5,0
Q_43,S_168,Medium,No,Yes,57,0,2,1
Q_44,S_84,Easy,Yes,Yes,190,8,1,0
Q_45,S_500,Easy,Yes,Yes,64,5,3,0
Q_46,S_398,Easy,No,Yes,196,5,4,0
Q_47,S_36,Easy,Yes,No,320,7,2,0
Q_48,S_85,Hard,No,Yes,387,0,5,2
Q_49,S_44,Easy,Yes,Yes,291,7,2,3
Q_50,S_369,Hard,Yes,No,314,0,3,2
Q_51,S_148,Medium,No,Yes,574,5,3,1
Q_52,S_410,Easy,No,Yes,287,4,4,3
Q_53,S_58,Hard,No,Yes,469,2,2,3
Q_54,S_444,Easy,Yes,No,241,7,4,1
Q_55,S_6,Medium,No,No,577,7,5,2
Q_56,S_316,Easy,No,No,331,1,2,0
Q_57,S_14,Hard,No,No,408,2,5,1
Q_58,S_401,Medium,No,No,421,7,5,1
Q_59,S_192,Easy,No,Yes,370,4,5,3
Q_60,S_391,Medium,Yes,No,51,10,1,0
Q_61,S_258,Hard,Yes,No,26,5,2,0
Q_62,S_8,Hard,Yes,Yes,363,9,1,3
Q_63,S_486,Hard,No,No,586,7,2,3
Q_64,S_205,Medium,Yes,Yes,253,8,1,2
Q_65,S_72,Medium,Yes,Yes,375,1,1,0
Q_66,S_119,Medium,Yes,No,54,3,1,0
Q_67,S_423,Easy,No,No,399,7,1,0
Q_68,S_351,Easy,Yes,Yes,310,3,2,1
Q_69,S_406,Hard,No,No,55,3,1,2
Q_70,S_374,Easy,No,Yes,37,7,1,1
Q_71,S_402,Medium,Yes,No,510,3,3,2
Q_72,S_431,Medium,No,Yes,38,9,4,2
Q_73,S_107,Hard,No,No,367,6,1,0
Q_74,S_346,Hard,No,No,595,0,4,2
Q_75,S_212,Hard,Yes,Yes,424,2,2,3
Q_76,S_364,Easy,No,Yes,291,10,5,3
Q_77,S_169,Medium,No,Yes,116,4,5,1
Q_78,S_415,Easy,Yes,No,160,7,2,3
Q_79,S_34,Easy,No,No,183,9,2,2
Q_80,S_482,Hard,No,No,385,7,5,2
Q_81,S_325,Easy,Yes,No,35,4,3,3
Q_82,S_168,Medium,No,Yes,383,2,2,0
Q_83,S_124,Hard,Yes,Yes,119,7,4,2
Q_84,S_252,Medium,No,No,420,4,5,2
Q_85,S_343,Easy,Yes,Yes,141,10,3,1
Q_86,S_339,Hard,No,Yes,534,9,1,2
Q_87,S_257,Hard,No,Yes,257,5,5,3
Q_88,S_496,Hard,No,No,294,9,5,0
Q_89,S_442,Hard,No,Yes,454,1,1,1
Q_90,S_241,Medium,No,No,436,5,5,2
Q_91,S_476,Easy,Yes,Yes,362,9,2,3
Q_92,S_90,Medium,No,No,542,10,4,1
Q_93,S_209,Medium,Yes,Yes,278,0,2,3
Q_94,S_306,Easy,No,No,68,0,2,0
Q_95,S_153,Easy,Yes,No,57,7,4,0
Q_96,S_348,Medium,Yes,No,116,10,3,2
Q_97,S_108,Medium,Yes,No,28,3,5,3
Q_98,S_408,Hard,Yes,Yes,168,8,1,2
Q_99,S_101,Hard,Yes,No,415,6,5,3
Q_100,S_57,Medium,Yes,Yes,20,4,2,2
Q_101,S_78,Hard,No,Yes,197,4,1,2
Q_102,S_315,Hard,No,No,176,5,2,2
Q_103,S_348,Hard,Yes,No,131,8,3,3
Q_104,S_355,Medium,Yes,Yes,336,9,1,2
Q_105,S_381,Hard,Yes,Yes,243,0,5,1
Q_106,S_341,Medium,Yes,No,220,0,4,1
Q_107,S_330,Hard,Yes,Yes,256,2,2,1
Q_108,S_356,Easy,No,No,139,8,4,2
Q_109,S_16,Medium,No,No,83,1,2,3
Q_110,S_105,Medium,Yes,No,25,4,2,0
Q_111,S_160,Medium,Yes,Yes,47,2,5,1
Q_112,S_455,Easy,No,No,193,10,4,3
Q_113,S_107,Easy,No,No,55,4,4,2
Q_114,S_294,Easy,Yes,Yes,134,10,5,1
Q_115,S_277,Easy,No,Yes,361,2,1,3
Q_116,S_201,Medium,Yes,Yes,295,2,4,3
Q_117,S_489,Hard,No,No,568,0,1,2
Q_118,S_17,Medium,No,No,277,9,5,0
Q_119,S_296,Hard,Yes,Yes,128,0,2,2
Q_120,S_256,Medium,No,Yes,233,0,5,2
Q_121,S_397,Hard,Yes,No,220,6,5,0
Q_122,S_333,Easy,No,No,355,0,3,2
Q_123,S_479,Hard,No,Yes,14,6,2,3
Q_124,S_202,Hard,No,Yes,286,7,3,0
Q_125,S_431,Easy,Yes,No,25,0,3,0
Q_126,S_428,Easy,No,Yes,294,4,1,1
Q_127,S_186,Easy,Yes,No,515,4,3,3
Q_128,S_312,Hard,Yes,Yes,255,7,5,2
Q_129,S_16,Easy,Yes,Yes,76,8,3,2
Q_130,S_230,Hard,No,No,233,4,2,1
Q_131,S_177,Hard,Yes,No,492,3,4,1
Q_132,S_278,Medium,Yes,No,193,0,1,0
Q_133,S_187,Easy,Yes,Yes,103,0,1,2
Q_134,S_459,Easy,No,No,412,9,5,2
Q_135,S_414,Medium,Yes,Yes,554,9,2,0
Q_136,S_92,Medium,Yes,No,404,8,3,0
Q_137,S_420,Hard,Yes,Yes,44,2,5,1
Q_138,S_337,Medium,Yes,Yes,570,10,4,0
Q_139,S_14,Hard,Yes,Yes,510,0,5,2
Q_140,S_484,Hard,No,No,57,4,2,0
Q_141,S_286,Medium,No,Yes,93,1,3,1
Q_142,S_134,Medium,Yes,Yes,438,4,4,1
Q_143,S_354,Hard,No,No,396,5,3,0
Q_144,S_481,Medium,Yes,No,369,0,3,0
Q_145,S_401,Medium,Yes,No,55,9,5,2
Q_146,S_414,Hard,No,No,140,3,5,2
Q_147,S_151,Easy,Yes,Yes,316,9,1,3
Q_148,S_483,Easy,No,No,210,0,1,1
Q_149,S_208,Hard,No,Yes,276,3,2,1
Q_150,S_400,Easy,No,No,420,4,1,2
Q_151,S_475,Easy,No,No,212,3,4,2
Q_152,S_460,Hard,Yes,No,525,7,2,1
Q_153,S_423,Hard,Yes,No,506,6,5,0
Q_154,S_426,Easy,Yes,No,516,7,4,1
Q_155,S_260,Easy,Yes,Yes,152,8,4,2
Q_156,S_101,Hard,Yes,No,382,4,3,2
Q_157,S_429,Easy,No,No,232,0,2,1
Q_158,S_6,Medium,No,No,306,9,3,0
Q_159,S_359,Hard,Yes,Yes,106,9,5,2
Q_160,S_55,Hard,No,Yes,478,6,3,3
Q_161,S_175,Hard,No,No,155,6,3,1
Q_162,S_398,Medium,Yes,No,267,5,2,2
Q_163,S_413,Medium,No,No,284,7,2,1
Q_164,S_490,Easy,Yes,No,139,4,2,0
Q_165,S_283,Hard,No,Yes,422,9,2,0
Q_166,S_294,Medium,No,No,356,3,5,1
Q_167,S_443,Easy,No,No,299,8,1,0
Q_168,S_152,Hard,Yes,Yes,344,0,4,0
Q_169,S_23,Hard,No,Yes,90,4,2,3
Q_170,S_335,Medium,Yes,Yes,524,3,3,3
Q_171,S_419,Easy,Yes,Yes,125,7,3,2
Q_172,S_223,Medium,No,No,573,5,2,2
Q_173,S_109,Medium,No,Yes,291,7,2,0
Q_174,S_282,Hard,No,No,587,10,2,1
Q_175,S_105,Medium,Yes,Yes,174,5,1,2
Q_176,S_191,Easy,Yes,No,271,6,4,2
Q_177,S_195,Hard,Yes,Yes,160,9,5,3
Q_178,S_152,Medium,No,Yes,127,9,5,3
Q_179,S_68,Medium,No,Yes,20,3,2,0
Q_180,S_193,Hard,No,Yes,481,6,2,0
Q_181,S_227,Easy,No,No,254,7,5,2
Q_182,S_420,Hard,No,Yes,334,2,5,2
Q_183,S_33,Easy,No,Yes,592,5,2,1
Q_184,S_143,Medium,Yes,Yes,455,6,4,3
Q_185,S_185,Medium,No,No,124,10,5,2
Q_186,S_435,Medium,No,No,587,1,1,3
Q_187,S_222,Hard,Yes,No,410,3,4,1
Q_188,S_199,Medium,No,No,319,3,1,0
Q_189,S_158,Easy,No,No,17,9,2,1
Q_190,S_207,Medium,No,Yes,140,2,2,2
Q_191,S_311,Easy,No,Yes,559,3,1,1
Q_192,S_30,Hard,No,Yes,98,0,1,2
Q_193,S_184,Medium,Yes,No,575,4,4,1
Q_194,S_101,Hard,No,No,202,10,3,3
Q_195,S_368,Medium,Yes,Yes,409,4,3,1
Q_196,S_178,Easy,Yes,No,550,7,4,0
Q_197,S_143,Hard,No,Yes,466,7,3,1
Q_198,S_1,Medium,No,No,556,10,1,1
Q_199,S_302,Easy,No,Yes,260,0,3,1
Q_200,S_13,Hard,No,No,245,3,2,2
Q_201,S_495,Easy,Yes,No,253,8,4,3
Q_202,S_390,Easy,No,No,342,5,4,1
Q_203,S_69,Medium,No,No,31,6,2,1
Q_204,S_495,Easy,No,No,503,5,3,2
Q_205,S_279,Medium,No,No,184,1,5,3
Q_206,S_480,Medium,No,Yes,48,9,1,0
Q_207,S_160,Easy,No,No,521,7,1,2
Q_208,S_28,Easy,No,No,134,6,3,3
Q_209,S_292,Hard,Yes,Yes,567,9,1,2
Q_210,S_355,Hard,Yes,Yes,489,2,2,0
Q_211,S_232,Hard,Yes,Yes,77,9,1,0
Q_212,S_449,Hard,Yes,No,569,2,3,3
Q_213,S_287,Hard,No,Yes,469,2,4,1
Q_214,S_341,Hard,No,Yes,432,9,2,1
Q_215,S_22,Hard,Yes,No,91,2,1,0
Q_216,S_497,Easy,Yes,No,400,7,5,0
Q_217,S_182,Hard,No,Yes,330,8,2,0
Q_218,S_458,Easy,No,Yes,500,2,2,3
Q_219,S_485,Easy,No,Yes,234,3,1,3
Q_220,S_447,Easy,No,Yes,137,7,5,0
Q_221,S_276,Easy,Yes,Yes,484,0,1,1
Q_222,S_355,Hard,Yes,Yes,588,2,4,2
Q_223,S_357,Easy,No,No,560,4,4,2
Q_224,S_274,Hard,No,No,302,8,3,3
Q_225,S_222,Hard,No,No,595,4,3,1
Q_226,S_460,Medium,Yes,Yes,190,2,3,3
Q_227,S_331,Medium,No,No,180,10,2,0
Q_228,S_35,Easy,Yes,No,500,2,5,1
Q_229,S_6,Medium,No,Yes,84,0,1,3
Q_230,S_230,Medium,Yes,No,396,10,3,2
Q_231,S_350,Hard,Yes,No,318,6,5,1
Q_232,S_256,Medium,Yes,No,71,10,2,3
Q_233,S_400,Medium,No,Yes,535,10,4,2
Q_234,S_422,Medium,Yes,No,225,0,2,3
Q_235,S_94,Hard,No,No,127,6,4,3
Q_236,S_109,Easy,No,No,78,5,3,1
Q_237,S_384,Medium,No,No,386,1,2,0
Q_238,S_469,Easy,Yes,No,556,9,4,1
Q_239,S_7,Easy,Yes,No,164,4,2,0
Q_240,S_35,Medium,Yes,Yes,477,0,5,0
Q_241,S_51,Hard,No,Yes,126,1,4,0
Q_242,S_272,Easy,Yes,No,273,7,1,1
Q_243,S_187,Easy,No,Yes,340,6,4,1
Q_244,S_4,Hard,Yes,No,408,4,2,0
Q_245,S_481,Easy,No,Yes,341,6,2,0
Q_246,S_189,Easy,No,Yes,442,10,5,2
Q_247,S_85,Hard,No,Yes,497,10,1,1
Q_248,S_360,Medium,No,No,180,3,5,0
Q_249,S_427,Medium,No,Yes,553,8,5,1
Q_250,S_30,Easy,No,No,257,7,5,0
Q_251,S_319,Medium,No,Yes,512,9,2,2
Q_252,S_268,Medium,No,Yes,489,1,2,0
Q_253,S_471,Easy,Yes,Yes,503,4,3,0
Q_254,S_57,Easy,No,Yes,213,4,3,0
Q_255,S_276,Easy,No,Yes,384,0,2,0
Q_256,S_58,Hard,No,Yes,575,9,1,0
Q_257,S_491,Hard,No,No,377,1,3,1
Q_258,S_240,Medium,Yes,No,531,0,1,3
Q_259,S_499,Hard,Yes,No,363,0,1,0
Q_260,S_227,Hard,No,Yes,569,6,5,0
Q_261,S_456,Hard,Yes,Yes,478,0,4,1
Q_262,S_387,Easy,No,Yes,415,9,5,2
Q_263,S_311,Medium,Yes,No,127,5,2,0
Q_264,S_147,Medium,Yes,Yes,263,10,4,3
Q_265,S_418,Easy,Yes,No,433,8,2,1
Q_266,S_388,Medium,Yes,No,495,8,5,0
Q_267,S_181,Hard,Yes,No,225,10,3,2
Q_268,S_207,Hard,Yes,Yes,194,3,1,1
Q_269,S_409,Hard,Yes,No,124,1,1,1
Q_270,S_162,Medium,No,No,346,5,2,1
Q_271,S_322,Easy,No,No,265,10,1,3
Q_272,S_292,Medium,Yes,Yes,302,5,4,0
Q_273,S_303,Easy,No,Yes,278,1,3,2
Q_274,S_80,Hard,No,Yes,76,7,4,2
Q_275,S_443,Medium,Yes,No,199,4,2,0
Q_276,S_257,Hard,Yes,No,303,0,4,2
Q_277,S_127,Hard,Yes,No,501,0,2,0
Q_278,S_162,Easy,Yes,Yes,64,7,3,2
Q_279,S_438,Easy,No,Yes,448,10,2,2
Q_280,S_304,Medium,No,Yes,36,8,1,2
Q_281,S_449,Hard,Yes,Yes,81,10,4,1
Q_282,S_389,Hard,Yes,No,373,9,2,2
Q_283,S_176,Medium,Yes,No,363,10,2,1
Q_284,S_308,Hard,Yes,Yes,92,1,3,1
Q_285,S_403,Easy,No,Yes,458,7,5,0
Q_286,S_297,Easy,No,No,38,0,5,1
Q_287,S_263,Easy,Yes,Yes,456,6,4,1
Q_288,S_283,Easy,Yes,Yes,453,7,3,3
Q_289,S_99,Medium,Yes,No,442,10,3,2
Q_290,S_438,Hard,Yes,Yes,315,3,2,3
Q_291,S_272,Hard,Yes,No,67,10,4,1
Q_292,S_347,Easy,Yes,Yes,75,8,1,2
Q_293,S_415,Easy,Yes,No,162,0,3,0
Q_294,S_281,Medium,Yes,Yes,591,7,5,0
Q_295,S_10,Medium,No,Yes,146,3,2,0
Q_296,S_468,Easy,Yes,No,573,0,5,3
Q_297,S_347,Hard,Yes,Yes,222,6,2,1
Q_298,S_483,Medium,No,No,518,9,3,1
Q_299,S_374,Easy,No,Yes,367,3,3,0
Q_300,S_82,Easy,No,Yes,247,10,2,3
Q_301,S_180,Hard,Yes,No,502,9,1,0
Q_302,S_321,Easy,Yes,Yes,328,2,3,0
Q_303,S_80,Medium,No,No,517,7,4,3
Q_304,S_89,Easy,No,No,324,9,2,2
Q_305,S_319,Easy,No,No,32,4,4,1
Q_306,S_249,Hard,Yes,No,28,6,2,3
Q_307,S_452,Hard,Yes,Yes,67,6,2,0
Q_308,S_474,Hard,Yes,No,217,2,2,0
Q_309,S_347,Hard,Yes,Yes,455,4,4,0
Q_310,S_222,Medium,No,No,189,5,2,1
Q_311,S_311,Medium,No,Yes,274,10,2,1
Q_312,S_337,Hard,No,No,297,10,2,1
Q_313,S_83,Hard,No,Yes,515,6,5,1
Q_314,S_361,Hard,Yes,Yes,307,10,2,2
Q_315,S_358,Easy,No,No,114,8,1,0
Q_316,S_399,Easy,Yes,No,454,5,5,0
Q_317,S_479,Medium,Yes,Yes,496,9,5,3
Q_318,S_178,Medium,Yes,No,396,10,4,2
Q_319,S_155,Medium,Yes,Yes,439,3,5,0
Q_320,S_348,Medium,No,Yes,515,4,4,2
Q_321,S_465,Medium,No,No,21,4,4,0
Q_322,S_188,Easy,No,No,237,6,2,1
Q_323,S_269,Medium,Yes,Yes,218,1,2,0
Q_324,S_276,Easy,No,No,469,6,5,1
Q_325,S_390,Medium,Yes,No,87,4,1,1
Q_326,S_273,Medium,No,No,326,4,5,1
Q_327,S_262,Medium,Yes,No,320,8,1,0
Q_328,S_325,Medium,Yes,Yes,119,2,3,0
Q_329,S_128,Easy,No,Yes,379,10,4,0
Q_330,S_296,Hard,No,No,237,8,4,3
Q_331,S_185,Hard,No,Yes,459,5,5,2
Q_332,S_32,Easy,No,Yes,83,9,2,1
Q_333,S_171,Hard,Yes,No,113,4,1,1
Q_334,S_210,Medium,No,No,561,10,5,1
Q_335,S_408,Medium,No,Yes,112,8,4,0
Q_336,S_437,Hard,Yes,Yes,346,9,5,0
Q_337,S_447,Hard,No,No,158,1,1,1
Q_338,S_476,Hard,No,Yes,239,4,2,2
Q_339,S_70,Easy,No,No,185,1,5,0
Q_340,S_201,Hard,No,Yes,66,2,1,0
Q_341,S_331,Easy,No,Yes,176,6,1,0
Q_342,S_92,Hard,Yes,Yes,531,0,5,0
Q_343,S_167,Hard,Yes,No,496,4,1,3
Q_344,S_4,Hard,Yes,No,406,10,2,2
Q_345,S_167,Medium,Yes,No,181,5,1,2
Q_346,S_306,Medium,No,Yes,328,8,3,2
Q_347,S_175,Hard,Yes,No,77,2,1,3
Q_348,S_154,Medium,Yes,No,509,7,3,1
Q_349,S_479,Hard,Yes,Yes,380,4,5,1
Q_350,S_357,Hard,No,Yes,31,4,1,2
Q_351,S_425,Hard,Yes,No,326,2,4,3
Q_352,S_405,Hard,No,No,143,7,4,2
Q_353,S_275,Medium,Yes,No,139,3,5,0
Q_354,S_318,Hard,No,No,231,9,1,3
Q_355,S_162,Hard,Yes,Yes,316,1,4,1
Q_356,S_18,Medium,Yes,No,240,5,5,1
Q_357,S_380,Hard,Yes,Yes,207,5,2,1
Q_358,S_268,Hard,Yes,Yes,126,9,1,0
Q_359,S_440,Medium,No,Yes,359,0,2,0
Q_360,S_23,Medium,No,No,403,7,2,3
Q_361,S_434,Easy,Yes,Yes,126,5,2,2
Q_362,S_412,Medium,No,Yes,219,5,2,1
Q_363,S_388,Easy,No,Yes,132,7,2,1
Q_364,S_264,Hard,No,No,113,5,2,3
Q_365,S_172,Medium,No,No,351,3,4,3
Q_366,S_7,Medium,Yes,Yes,309,2,4,1
Q_367,S_19,Hard,No,Yes,515,1,4,1
Q_368,S_393,Medium,Yes,No,433,3,4,3
Q_369,S_9,Medium,No,Yes,422,10,5,1
Q_370,S_154,Hard,No,Yes,505,10,2,3
Q_371,S_421,Medium,No,No,61,3,1,3
Q_372,S_336,Hard,No,Yes,308,10,4,1
Q_373,S_369,Hard,Yes,No,62,7,5,1
Q_374,S_241,Hard,Yes,No,164,1,3,0
Q_375,S_3,Hard,No,No,524,7,3,2
Q_376,S_140,Easy,Yes,No,433,6,2,0
Q_377,S_241,Medium,No,No,406,10,2,1
Q_378,S_261,Easy,No,Yes,196,1,1,2
Q_379,S_172,Hard,Yes,No,147,1,5,0
Q_380,S_239,Easy,Yes,Yes,464,7,1,3
Q_381,S_176,Easy,Yes,No,77,8,3,0
Q_382,S_492,Medium,No,Yes,521,1,3,3
Q_383,S_233,Medium,Yes,Yes,340,8,3,3
Q_384,S_452,Easy,No,No,32,7,2,1
Q_385,S_442,Medium,No,No,456,1,3,2
Q_386,S_58,Medium,No,Yes,72,8,1,2
Q_387,S_126,Hard,No,No,464,2,4,3
Q_388,S_21,Easy,No,No,19,1,2,3
Q_389,S_459,Hard,Yes,No,157,2,1,2
Q_390,S_31,Medium,Yes,No,120,6,4,2
Q_391,S_43,Hard,Yes,No,157,6,3,1
Q_392,S_470,Medium,Yes,Yes,372,0,4,0
Q_393,S_405,Medium,No,Yes,19,6,2,0
Q_394,S_306,Hard,No,No,453,9,2,3
Q_395,S_212,Medium,Yes,Yes,583,0,2,3
Q_396,S_281,Easy,No,No,464,3,5,0
Q_397,S_124,Medium,No,No,200,8,1,3
Q_398,S_338,Easy,No,Yes,581,2,5,3
Q_399,S_33,Hard,No,No,248,9,3,2
Q_400,S_294,Hard,No,Yes,348,9,2,0
Q_401,S_97,Easy,Yes,Yes,450,8,4,0
Q_402,S_382,Hard,Yes,Yes,40,9,5,3
Q_403,S_188,Easy,No,Yes,16,9,3,1
Q_404,S_362,Easy,Yes,Yes,439,0,4,1
Q_405,S_393,Medium,Yes,Yes,203,0,2,0
Q_406,S_407,Medium,Yes,Yes,253,0,5,0
Q_407,S_264,Hard,Yes,No,136,2,5,3
Q_408,S_433,Easy,Yes,No,141,2,5,2
Q_409,S_173,Easy,Yes,No,478,2,4,3
Q_410,S_384,Medium,No,Yes,467,6,1,1
Q_411,S_6,Hard,Yes,No,458,2,3,2
Q_412,S_48,Medium,Yes,No,333,1,2,1
Q_413,S_175,Easy,No,No,544,9,2,1
Q_414,S_6,Medium,Yes,No,255,5,3,2
Q_415,S_486,Easy,No,Yes,517,7,3,2
Q_416,S_114,Easy,Yes,No,413,5,4,2
Q_417,S_374,Easy,Yes,No,134,1,2,1
Q_418,S_252,Medium,Yes,No,572,1,3,2
Q_419,S_254,Easy,Yes,Yes,80,7,2,1
Q_420,S_53,Hard,No,Yes,327,6,3,2
Q_421,S_280,Easy,No,No,284,4,1,1
Q_422,S_448,Easy,No,Yes,81,9,1,2
Q_423,S_263,Hard,No,No,71,6,5,1
Q_424,S_256,Medium,No,No,360,7,3,0
Q_425,S_453,Medium,No,Yes,330,1,3,2
Q_426,S_334,Hard,No,No,390,3,5,3
Q_427,S_247,Medium,Yes,No,336,5,1,2
Q_428,S_237,Hard,No,No,595,10,3,2
Q_429,S_499,Easy,Yes,No,24,9,4,0
Q_430,S_110,Medium,Yes,No,91,9,2,3
Q_431,S_259,Medium,No,No,107,7,5,3
Q_432,S_21,Medium,No,No,438,3,4,2
Q_433,S_317,Hard,No,No,148,4,3,3
Q_434,S_314,Hard,Yes,No,351,7,3,3
Q_435,S_412,Medium,No,Yes,323,9,4,0
Q_436,S_158,Hard,Yes,Yes,434,0,3,2
Q_437,S_229,Medium,No,No,139,9,5,2
Q_438,S_209,Easy,No,Yes,433,9,5,1
Q_439,S_458,Easy,No,Yes,167,0,4,1
Q_440,S_177,Medium,Yes,No,321,6,1,0
Q_441,S_97,Medium,Yes,Yes,43,3,3,1
Q_442,S_251,Easy,No,No,540,1,1,1
Q_443,S_473,Easy,No,No,492,0,4,0
Q_444,S_396,Easy,No,No,375,10,3,0
Q_445,S_219,Hard,No,No,119,0,5,0
Q_446,S_450,Hard,Yes,Yes,139,10,1,3
Q_447,S_169,Hard,No,No,259,1,2,0
Q_448,S_361,Hard,No,No,293,3,5,2
Q_449,S_254,Medium,Yes,Yes,218,5,5,3
Q_450,S_391,Easy,Yes,Yes,366,1,2,3
Q_451,S_462,Hard,No,Yes,228,10,2,0
Q_452,S_61,Hard,No,Yes,124,2,1,0
Q_453,S_299,Hard,Yes,Yes,471,10,4,0
Q_454,S_277,Medium,No,Yes,587,10,5,0
Q_455,S_35,Hard,Yes,Yes,188,6,4,1
Q_456,S_460,Easy,No,No,102,1,4,3
Q_457,S_318,Easy,Yes,No,416,4,1,0
Q_458,S_464,Easy,No,Yes,288,1,4,3
Q_459,S_138,Medium,No,No,337,5,1,1
Q_460,S_176,Medium,No,Yes,35,2,1,2
Q_461,S_348,Easy,No,Yes,370,5,4,0
Q_462,S_277,Easy,Yes,No,101,2,5,2
Q_463,S_280,Easy,No,No,418,5,1,1
Q_464,S_451,Hard,Yes,Yes,162,4,4,0
Q_465,S_440,Easy,No,No,259,5,3,3
Q_466,S_250,Hard,No,No,457,0,2,2
Q_467,S_279,Hard,No,No,442,10,3,2
Q_468,S_471,Easy,No,Yes,125,7,5,0
Q_469,S_107,Easy,No,Yes,235,2,5,0
Q_470,S_88,Easy,Yes,No,441,2,3,2
Q_471,S_30,Hard,Yes,No,576,4,1,0
Q_472,S_313,Easy,Yes,Yes,272,8,5,0
Q_473,S_473,Medium,Yes,Yes,203,6,3,2
Q_474,S_322,Easy,Yes,Yes,373,10,4,2
Q_475,S_25,Medium,No,Yes,319,10,4,2
Q_476,S_478,Hard,No,No,488,5,2,0
Q_477,S_454,Easy,Yes,No,13,8,4,0
Q_478,S_483,Easy,Yes,No,81,9,1,1
Q_479,S_485,Medium,No,Yes,415,0,5,2
Q_480,S_97,Easy,Yes,No,410,1,5,2
Q_481,S_239,Medium,Yes,Yes,285,7,4,1
Q_482,S_218,Hard,No,Yes,376,5,2,3
Q_483,S_22,Hard,Yes,Yes,579,2,1,1
Q_484,S_254,Easy,No,Yes,475,2,1,1
Q_485,S_338,Hard,Yes,No,218,2,3,0
Q_486,S_271,Medium,No,No,594,5,1,1
Q_487,S_300,Hard,No,No,44,2,5,0
Q_488,S_183,Medium,Yes,Yes,440,5,4,0
Q_489,S_334,Medium,Yes,No,516,4,5,1
Q_490,S_337,Easy,No,No,532,3,3,2
Q_491,S_12,Easy,No,Yes,328,8,2,2
Q_492,S_55,Hard,No,No,36,10,1,3
Q_493,S_4,Easy,Yes,Yes,432,8,1,0
Q_494,S_144,Medium,No,Yes,324,5,4,3
Q_495,S_272,Easy,Yes,No,395,7,3,1
Q_496,S_430,Easy,Yes,Yes,537,3,3,1
Q_497,S_261,Hard,No,No,376,2,3,0
Q_498,S_231,Easy,Yes,Yes,329,6,4,2
Q_499,S_395,Hard,Yes,Yes,314,3,3,0
Q_500,S_403,Easy,Yes,No,40,3,5,1
Q_501,S_76,Medium,Yes,Yes,586,8,1,0
Q_502,S_67,Medium,No,No,246,4,2,0
Q_503,S_235,Easy,Yes,Yes,465,8,5,2
Q_504,S_73,Hard,Yes,Yes,490,7,5,3
Q_505,S_270,Hard,No,No,530,1,2,3
Q_506,S_72,Hard,No,No,260,0,1,2
Q_507,S_370,Easy,Yes,No,334,10,5,0
Q_508,S_147,Easy,Yes,No,364,2,4,0
Q_509,S_360,Medium,Yes,Yes,409,8,2,3
Q_510,S_15,Medium,Yes,Yes,109,8,3,3
Q_511,S_432,Easy,No,Yes,418,3,3,0
Q_512,S_131,Easy,No,No,430,3,2,3
Q_513,S_351,Hard,No,Yes,573,7,1,2
Q_514,S_230,Medium,No,No,390,6,2,3
Q_515,S_275,Hard,Yes,No,401,3,1,1
Q_516,S_115,Hard,No,No,364,6,4,3
Q_517,S_406,Easy,No,No,123,6,5,0
Q_518,S_334,Medium,Yes,No,229,6,2,1
Q_519,S_357,Hard,Yes,No,270,0,1,1
Q_520,S_386,Easy,No,No,565,1,1,1
Q_521,S_438,Easy,Yes,Yes,366,10,2,0
Q_522,S_53,Medium,Yes,No,132,7,2,0
Q_523,S_49,Hard,No,Yes,145,4,4,3
Q_524,S_193,Hard,No,No,393,0,2,0
Q_525,S_53,Medium,No,No,554,9,5,0
Q_526,S_470,Medium,Yes,Yes,532,8,4,1
Q_527,S_369,Easy,Yes,Yes,85,9,5,2
Q_528,S_248,Medium,Yes,Yes,383,10,1,3
Q_529,S_51,Easy,No,No,509,10,3,3
Q_530,S_319,Hard,Yes,Yes,413,3,5,1
Q_531,S_405,Hard,No,No,321,7,2,2
Q_532,S_337,Hard,No,No,590,9,4,2
Q_533,S_145,Medium,No,Yes,460,7,5,3
Q_534,S_163,Hard,No,No,242,3,4,2
Q_535,S_276,Hard,No,Yes,332,2,5,2
Q_536,S_39,Medium,Yes,Yes,419,8,3,0
Q_537,S_405,Medium,No,No,50,4,4,2
Q_538,S_38,Hard,No,Yes,218,0,2,3
Q_539,S_116,Easy,Yes,Yes,210,10,2,1
Q_540,S_462,Medium,No,No,20,1,2,2
Q_541,S_480,Easy,No,No,365,1,5,2
Q_542,S_159,Medium,No,No,589,9,2,3
Q_543,S_448,Hard,Yes,No,186,1,5,0
Q_544,S_476,Hard,No,No,21,8,1,3
Q_545,S_249,Medium,No,No,503,3,5,0
Q_546,S_115,Easy,Yes,Yes,259,1,5,2
Q_547,S_300,Easy,No,No,539,6,4,0
Q_548,S_322,Medium,No,No,560,2,4,0
Q_549,S_179,Easy,No,No,83,4,5,0
Q_550,S_261,Easy,No,Yes,483,3,5,0
Q_551,S_68,Hard,Yes,Yes,529,6,4,3
Q_552,S_435,Hard,No,Yes,159,6,1,2
Q_553,S_467,Hard,No,No,407,1,4,3
Q_554,S_418,Hard,Yes,Yes,517,4,2,3
Q_555,S_316,Easy,No,No,381,7,3,1
Q_556,S_374,Easy,Yes,No,79,9,5,2
Q_557,S_264,Easy,Yes,Yes,503,8,3,2
Q_558,S_397,Hard,Yes,No,285,4,5,1
Q_559,S_391,Easy,No,Yes,118,1,1,2
Q_560,S_432,Easy,Yes,No,540,10,2,1
Q_561,S_326,Easy,No,No,285,1,3,2
Q_562,S_456,Medium,No,Yes,410,5,5,2
Q_563,S_277,Hard,No,No,321,3,2,0
Q_564,S_351,Hard,Yes,Yes,193,9,5,2
Q_565,S_21,Medium,Yes,No,271,10,5,3
Q_566,S_46,Easy,No,No,537,6,2,3
Q_567,S_171,Hard,Yes,Yes,382,7,3,3
Q_568,S_321,Hard,No,No,381,9,4,2
Q_569,S_499,Medium,Yes,Yes,356,0,3,0
Q_570,S_73,Easy,No,No,335,4,2,2
Q_571,S_380,Easy,Yes,Yes,259,1,4,3
Q_572,S_140,Hard,Yes,Yes,491,7,5,3
Q_573,S_186,Easy,Yes,Yes,42,0,4,0
Q_574,S_265,Easy,No,Yes,597,8,5,2
Q_575,S_312,Medium,Yes,Yes,128,9,1,1
Q_576,S_420,Medium,Yes,No,21,0,1,1
Q_577,S_72,Medium,No,No,191,0,3,1
Q_578,S_251,Medium,Yes,No,83,0,1,1
Q_579,S_355,Hard,No,Yes,454,10,3,3
Q_580,S_176,Medium,Yes,No,465,6,2,3
Q_581,S_347,Medium,No,No,107,0,1,2
Q_582,S_444,Easy,No,No,167,4,2,3
Q_583,S_381,Hard,Yes,Yes,552,4,2,1
Q_584,S_205,Easy,No,Yes,59,10,3,3
Q_585,S_1,Easy,No,Yes,413,5,5,2
Q_586,S_410,Hard,No,Yes,295,9,1,0
Q_587,S_38,Medium,Yes,No,447,0,4,2
Q_588,S_314,Hard,Yes,No,220,3,2,1
Q_589,S_447,Medium,No,No,121,10,2,1
Q_590,S_500,Medium,No,Yes,486,0,4,1
Q_591,S_261,Easy,No,Yes,297,9,1,2
Q_592,S_233,Easy,Yes,Yes,543,7,1,0
Q_593,S_401,Medium,No,Yes,540,9,3,0
Q_594,S_124,Medium,Yes,No,486,6,4,0
Q_595,S_455,Hard,No,Yes,181,6,2,0
Q_596,S_144,Medium,Yes,Yes,113,3,5,0
Q_597,S_48,Hard,No,Yes,129,3,4,0
Q_598,S_289,Easy,Yes,Yes,248,6,3,1
Q_599,S_266,Medium,Yes,Yes,174,3,5,3
Q_600,S_336,Hard,No,Yes,15,5,4,2
Q_601,S_196,Medium,No,No,383,5,4,2
Q_602,S_239,Hard,No,No,251,6,4,3
Q_603,S_167,Medium,Yes,No,71,0,5,3
Q_604,S_350,Hard,No,No,166,5,4,0
Q_605,S_27,Easy,No,No,492,3,3,2
Q_606,S_5,Hard,Yes,No,31,8,1,3
Q_607,S_496,Easy,No,No,136,3,5,1
Q_608,S_24,Easy,Yes,No,155,10,4,1
Q_609,S_465,Easy,No,Yes,477,8,3,1
Q_610,S_258,Hard,No,No,383,3,1,3
Q_611,S_492,Hard,Yes,No,320,3,3,0
Q_612,S_298,Hard,Yes,No,417,7,5,3
Q_613,S_144,Hard,No,No,397,6,1,3
Q_614,S_160,Easy,No,Yes,220,9,4,1
Q_615,S_216,Medium,No,No,538,0,2,3
Q_616,S_131,Hard,Yes,Yes,315,0,5,0
Q_617,S_203,Hard,Yes,No,177,10,2,1
Q_618,S_26,Medium,Yes,Yes,582,5,4,2
Q_619,S_92,Hard,No,No,151,5,1,2
Q_620,S_280,Easy,Yes,Yes,127,5,4,2
Q_621,S_242,Easy,Yes,No,165,7,3,2
Q_622,S_261,Easy,Yes,No,308,10,3,3
Q_623,S_238,Easy,Yes,No,66,9,5,1
Q_624,S_52,Medium,Yes,Yes,147,9,1,2
Q_625,S_255,Hard,Yes,Yes,204,9,4,2
Q_626,S_20,Medium,No,Yes,597,8,3,3
Q_627,S_483,Hard,No,Yes,222,5,5,0
Q_628,S_18,Medium,No,Yes,382,5,3,0
Q_629,S_99,Easy,No,Yes,549,4,3,3
Q_630,S_104,Medium,No,Yes,191,5,4,0
Q_631,S_7,Easy,No,Yes,101,9,4,1
Q_632,S_56,Easy,Yes,No,187,7,4,1
Q_633,S_161,Hard,No,No,435,4,3,2
Q_634,S_112,Easy,No,No,352,8,4,2
Q_635,S_461,Easy,Yes,Yes,321,3,3,2
Q_636,S_130,Hard,Yes,Yes,50,4,5,2
Q_637,S_218,Medium,Yes,Yes,14,1,1,1
Q_638,S_271,Hard,No,Yes,82,7,4,3
Q_639,S_313,Hard,Yes,Yes,536,2,4,3
Q_640,S_403,Easy,No,No,220,6,4,3
Q_641,S_273,Easy,No,Yes,201,10,5,1
Q_642,S_422,Medium,No,Yes,562,2,3,0
Q_643,S_307,Easy,No,Yes,523,2,5,2
Q_644,S_43,Hard,Yes,No,171,10,3,3
Q_645,S_270,Hard,No,Yes,75,7,1,1
Q_646,S_446,Medium,No,No,399,5,3,3
Q_647,S_156,Easy,Yes,No,268,1,3,3
Q_648,S_261,Medium,No,Yes,325,1,2,0
Q_649,S_308,Easy,Yes,No,184,10,2,0
Q_650,S_254,Easy,No,Yes,100,0,2,1
Q_651,S_306,Hard,Yes,No,186,5,5,1
Q_652,S_258,Easy,No,Yes,269,3,3,1
Q_653,S_327,Medium,No,No,187,1,4,2
Q_654,S_359,Easy,No,No,597,4,4,3
Q_655,S_386,Easy,Yes,No,21,1,1,0
Q_656,S_353,Medium,Yes,Yes,103,10,5,1
Q_657,S_250,Hard,No,Yes,540,4,5,3
Q_658,S_62,Medium,No,No,221,0,1,1
Q_659,S_277,Easy,No,Yes,235,5,1,2
Q_660,S_306,Medium,Yes,Yes,210,6,2,1
Q_661,S_155,Hard,Yes,No,323,5,2,1
Q_662,S_403,Medium,No,No,331,3,2,0
Q_663,S_87,Easy,No,Yes,382,5,1,1
Q_664,S_73,Medium,No,Yes,234,4,3,3
Q_665,S_201,Medium,No,Yes,492,2,5,2
Q_666,S_300,Easy,No,Yes,204,9,4,2
Q_667,S_465,Medium,Yes,No,456,9,5,0
Q_668,S_393,Easy,Yes,No,478,4,4,2
Q_669,S_272,Easy,Yes,Yes,69,0,3,0
Q_670,S_238,Easy,Yes,No,459,2,1,2
Q_671,S_430,Hard,Yes,No,473,7,4,0
Q_672,S_234,Medium,No,Yes,336,4,5,1
Q_673,S_416,Hard,No,No,254,7,2,2
Q_674,S_431,Easy,No,No,186,9,1,3
Q_675,S_97,Medium,Yes,Yes,300,3,4,0
Q_676,S_275,Hard,No,No,346,0,5,2
Q_677,S_370,Easy,Yes,Yes,473,1,1,0
Q_678,S_252,Easy,No,No,450,1,4,0
Q_679,S_269,Hard,Yes,Yes,477,4,4,3
Q_680,S_185,Hard,Yes,Yes,141,5,5,0
Q_681,S_54,Hard,Yes,No,37,7,5,2
Q_682,S_8,Hard,Yes,Yes,286,4,2,0
Q_683,S_437,Easy,Yes,No,499,4,1,1
Q_684,S_332,Hard,Yes,Yes,533,8,3,0
Q_685,S_165,Hard,No,Yes,227,10,3,2
Q_686,S_468,Hard,No,No,142,0,5,3
Q_687,S_103,Medium,No,Yes,574,0,2,2
Q_688,S_69,Hard,Yes,No,242,10,1,2
Q_689,S_309,Medium,No,Yes,373,7,3,2
Q_690,S_137,Easy,Yes,Yes,488,8,3,2
Q_691,S_472,Hard,No,No,400,2,3,1
Q_692,S_38,Medium,No,No,259,10,4,3
Q_693,S_411,Hard,No,No,530,1,2,0
Q_694,S_209,Hard,No,No,400,10,2,0
Q_695,S_417,Medium,Yes,Yes,296,10,1,0
Q_696,S_185,Hard,No,Yes,586,7,3,3
Q_697,S_440,Easy,Yes,No,495,5,5,1
Q_698,S_326,Hard,No,No,598,6,2,2
Q_699,S_40,Medium,Yes,No,243,5,2,0
Q_700,S_330,Medium,Yes,Yes,328,2,5,2
Q_701,S_42,Medium,Yes,Yes,144,10,1,1
Q_702,S_325,Hard,No,No,57,7,3,3
Q_703,S_162,Hard,No,Yes,73,8,2,0
Q_704,S_472,Hard,No,No,446,2,2,3
Q_705,S_227,Medium,No,No,590,7,5,2
Q_706,S_71,Medium,Yes,No,409,9,3,0
Q_707,S_374,Medium,No,Yes,590,10,2,2
Q_708,S_401,Easy,No,Yes,523,8,2,1
Q_709,S_29,Hard,Yes,Yes,388,5,3,3
Q_710,S_421,Hard,No,No,139,4,1,3
Q_711,S_7,Medium,Yes,Yes,211,7,5,0
Q_712,S_38,Hard,Yes,Yes,36,2,5,2
Q_713,S_381,Hard,No,No,50,8,1,0
Q_714,S_216,Easy,Yes,Yes,157,8,1,2
Q_715,S_86,Easy,No,No,468,10,4,1
Q_716,S_158,Medium,No,No,489,6,1,2
Q_717,S_147,Hard,No,Yes,371,8,1,3
Q_718,S_110,Medium,Yes,No,88,3,4,0
Q_719,S_437,Hard,Yes,Yes,504,6,5,0
Q_720,S_239,Hard,Yes,Yes,346,8,5,1
Q_721,S_387,Hard,Yes,No,517,6,1,0
Q_722,S_53,Hard,No,No,299,10,1,3
Q_723,S_132,Medium,No,Yes,152,0,1,1
Q_724,S_396,Medium,No,Yes,199,1,5,2
Q_725,S_139,Easy,Yes,No,335,7,2,1
Q_726,S_155,Medium,Yes,Yes,289,4,2,0
Q_727,S_293,Hard,No,No,551,7,5,3
Q_728,S_451,Medium,No,Yes,327,2,2,3
Q_729,S_357,Medium,Yes,Yes,575,2,1,0
Q_730,S_65,Medium,Yes,Yes,344,2,2,3
Q_731,S_173,Easy,Yes,Yes,214,7,5,2
Q_732,S_304,Easy,Yes,No,573,8,4,0
Q_733,S_183,Easy,Yes,No,76,9,3,2
Q_734,S_64,Hard,Yes,No,528,5,1,2
Q_735,S_152,Medium,No,Yes,392,6,5,3
Q_736,S_204,Easy,No,No,82,8,2,1
Q_737,S_27,Hard,Yes,Yes,320,3,2,3
Q_738,S_133,Hard,No,No,199,0,1,1
Q_739,S_353,Easy,No,No,391,10,4,1
Q_740,S_484,Medium,No,No,261,10,2,3
Q_741,S_305,Hard,Yes,No,331,8,5,0
Q_742,S_391,Hard,No,No,165,4,5,3
Q_743,S_5,Easy,No,No,29,0,2,3
Q_744,S_64,Hard,No,No,413,10,3,2
Q_745,S_12,Medium,Yes,No,249,3,4,1
Q_746,S_197,Hard,No,Yes,340,8,3,1
Q_747,S_331,Medium,Yes,No,37,6,2,3
Q_748,S_189,Medium,No,No,72,1,1,0
Q_749,S_245,Medium,No,Yes,447,5,4,3
Q_750,S_157,Easy,No,Yes,469,2,2,1
Q_751,S_225,Hard,Yes,No,291,8,1,1
Q_752,S_315,Easy,Yes,Yes,510,7,4,2
Q_753,S_270,Hard,Yes,Yes,374,8,5,3
Q_754,S_224,Easy,No,No,16,4,5,0
Q_755,S_317,Hard,Yes,Yes,30,8,3,2
Q_756,S_125,Easy,No,Yes,144,1,1,3
Q_757,S_434,Medium,No,Yes,256,6,3,3
Q_758,S_137,Easy,Yes,Yes,312,2,1,1
Q_759,S_492,Hard,Yes,Yes,12,7,3,3
Q_760,S_248,Hard,No,No,33,3,5,3
Q_761,S_190,Hard,Yes,Yes,372,7,2,0
Q_762,S_374,Hard,No,Yes,200,5,2,1
Q_763,S_388,Easy,Yes,Yes,280,0,5,2
Q_764,S_168,Hard,Yes,No,219,1,2,1
Q_765,S_253,Hard,No,Yes,349,10,2,3
Q_766,S_178,Easy,No,Yes,136,1,3,2
Q_767,S_448,Medium,Yes,No,549,8,2,3
Q_768,S_360,Easy,Yes,Yes,419,10,5,1
Q_769,S_111,Easy,No,No,37,4,1,3
Q_770,S_313,Medium,No,Yes,44,9,1,0
Q_771,S_259,Medium,Yes,Yes,15,2,5,0
Q_772,S_130,Medium,No,Yes,538,9,2,2
Q_773,S_435,Medium,No,Yes,95,5,2,2
Q_774,S_225,Medium,No,No,439,4,4,2
Q_775,S_165,Medium,Yes,No,518,0,3,1
Q_776,S_307,Medium,Yes,Yes,299,9,3,0
Q_777,S_479,Easy,No,No,255,3,5,0
Q_778,S_303,Medium,No,No,471,3,1,0
Q_779,S_127,Medium,Yes,Yes,401,4,2,3
Q_780,S_193,Hard,No,No,527,2,2,0
Q_781,S_322,Easy,Yes,Yes,559,7,4,3
Q_782,S_208,Easy,Yes,No,195,2,3,0
Q_783,S_214,Medium,No,No,77,7,5,0
Q_784,S_268,Medium,Yes,Yes,407,7,3,2
Q_785,S_400,Medium,Yes,Yes,104,0,1,1
Q_786,S_107,Medium,Yes,Yes,88,7,2,2
Q_787,S_386,Hard,No,Yes,163,9,1,1
Q_788,S_302,Easy,No,Yes,271,6,5,2
Q_789,S_376,Easy,No,No,150,7,3,0
Q_790,S_388,Easy,No,No,586,10,5,3
Q_791,S_336,Easy,Yes,No,385,8,3,2
Q_792,S_425,Medium,Yes,No,584,4,4,0
Q_793,S_377,Medium,Yes,Yes,54,8,2,3
Q_794,S_124,Medium,Yes,Yes,306,5,5,2
Q_795,S_78,Easy,Yes,Yes,542,10,5,2
Q_796,S_300,Hard,Yes,Yes,74,0,1,1
Q_797,S_211,Easy,Yes,Yes,372,8,3,3
Q_798,S_477,Easy,Yes,Yes,86,7,3,2
Q_799,S_150,Easy,Yes,Yes,535,1,3,1
Q_800,S_370,Medium,No,No,226,6,1,2
Q_801,S_75,Hard,No,Yes,159,2,2,1
Q_802,S_147,Medium,Yes,No,347,3,4,0
Q_803,S_157,Easy,No,Yes,347,1,3,1
Q_804,S_168,Hard,Yes,Yes,175,4,5,2
Q_805,S_262,Medium,No,Yes,489,1,5,1
Q_806,S_253,Easy,Yes,No,420,8,1,2
Q_807,S_351,Hard,Yes,Yes,508,0,1,2
Q_808,S_113,Medium,No,No,17,8,3,2
Q_809,S_178,Hard,No,Yes,41,2,5,1
Q_810,S_173,Easy,Yes,No,348,3,2,0
Q_811,S_237,Hard,Yes,No,516,6,1,3
Q_812,S_289,Hard,No,Yes,399,5,2,2
Q_813,S_471,Hard,No,Yes,515,5,3,3
Q_814,S_473,Hard,No,No,488,2,3,0
Q_815,S_457,Hard,No,Yes,144,2,2,2
Q_816,S_407,Easy,No,No,68,0,4,2
Q_817,S_322,Medium,No,No,251,6,3,1
Q_818,S_416,Hard,Yes,Yes,331,9,2,1
Q_819,S_284,Easy,Yes,No,154,7,1,1
Q_820,S_225,Medium,Yes,Yes,95,6,3,2
Q_821,S_84,Easy,No,Yes,318,2,4,3
Q_822,S_24,Hard,No,No,266,6,3,1
Q_823,S_436,Hard,No,Yes,587,0,4,3
Q_824,S_271,Hard,No,No,576,3,4,0
Q_825,S_498,Hard,Yes,Yes,397,1,1,1
Q_826,S_105,Medium,Yes,No,237,10,1,0
Q_827,S_203,Easy,No,Yes,450,1,1,1
Q_828,S_307,Easy,No,No,446,10,3,1
Q_829,S_336,Medium,Yes,Yes,467,0,1,1
Q_830,S_163,Easy,No,No,70,4,4,2
Q_831,S_212,Hard,No,No,255,5,4,3
Q_832,S_190,Medium,Yes,Yes,551,8,2,1
Q_833,S_163,Medium,Yes,No,119,4,2,2
Q_834,S_145,Medium,No,Yes,354,2,5,3
Q_835,S_416,Hard,Yes,Yes,449,0,3,3
Q_836,S_67,Medium,No,No,586,2,5,1
Q_837,S_7,Easy,Yes,Yes,535,3,2,2
Q_838,S_131,Easy,Yes,No,590,3,2,0
Q_839,S_139,Easy,Yes,No,357,9,2,1
Q_840,S_363,Easy,Yes,Yes,56,8,2,0
Q_841,S_266,Medium,Yes,No,426,4,3,3
Q_842,S_327,Easy,No,Yes,134,5,1,1
Q_843,S_80,Easy,No,No,263,10,5,2
Q_844,S_76,Hard,Yes,Yes,476,9,4,2
Q_845,S_415,Medium,No,Yes,114,5,3,3
Q_846,S_208,Medium,Yes,No,104,4,3,3
Q_847,S_487,Easy,Yes,No,511,4,3,3
Q_848,S_158,Hard,No,Yes,355,0,4,3
Q_849,S_362,Easy,Yes,No,10,2,4,3
Q_850,S_494,Medium,Yes,No,482,1,4,2
Q_851,S_31,Hard,Yes,Yes,103,7,1,2
Q_852,S_194,Medium,Yes,Yes,14,1,2,1
Q_853,S_18,Easy,No,Yes,194,3,4,2
Q_854,S_254,Easy,No,No,206,7,3,3
Q_855,S_447,Easy,Yes,No,255,5,1,2
Q_856,S_424,Easy,Yes,Yes,161,2,3,0
Q_857,S_393,Medium,Yes,Yes,219,0,3,3
Q_858,S_191,Medium,Yes,No,342,6,2,1
Q_859,S_337,Hard,Yes,No,376,3,3,2
Q_860,S_63,Medium,No,No,349,10,3,3
Q_861,S_36,Hard,No,No,425,8,2,1
Q_862,S_144,Easy,No,No,97,3,4,0
Q_863,S_316,Medium,Yes,Yes,189,7,3,0
Q_864,S_196,Easy,Yes,Yes,549,6,4,0
Q_865,S_400,Hard,Yes,Yes,480,7,4,2
Q_866,S_196,Hard,Yes,No,231,8,5,1
Q_867,S_230,Hard,No,Yes,392,3,3,1
Q_868,S_468,Medium,No,Yes,60,2,3,1
Q_869,S_132,Medium,No,Yes,589,8,3,2
Q_870,S_469,Easy,Yes,No,473,9,2,1
Q_871,S_186,Easy,No,No,240,3,2,2
Q_872,S_92,Easy,Yes,No,505,7,5,0
Q_873,S_347,Medium,No,No,433,10,1,0
Q_874,S_186,Easy,Yes,Yes,133,8,4,1
Q_875,S_204,Hard,No,No,306,8,5,3
Q_876,S_447,Hard,Yes,Yes,103,0,1,3
Q_877,S_292,Easy,No,No,548,2,5,3
Q_878,S_398,Easy,No,Yes,549,8,5,0
Q_879,S_262,Easy,No,Yes,341,3,1,0
Q_880,S_337,Hard,No,No,512,3,5,3
Q_881,S_185,Easy,Yes,No,444,5,4,1
Q_882,S_276,Medium,Yes,Yes,126,6,2,2
Q_883,S_277,Medium,No,Yes,582,0,3,0
Q_884,S_130,Hard,Yes,No,246,10,5,1
Q_885,S_18,Easy,No,Yes,192,9,4,3
Q_886,S_35,Easy,Yes,Yes,93,6,5,2
Q_887,S_149,Hard,No,Yes,57,3,5,3
Q_888,S_295,Easy,Yes,Yes,233,8,3,2
Q_889,S_162,Hard,No,No,390,6,5,0
Q_890,S_412,Hard,No,No,325,6,3,2
Q_891,S_326,Easy,No,Yes,593,5,4,1
Q_892,S_457,Medium,No,No,173,5,3,2
Q_893,S_51,Medium,No,Yes,172,1,2,2
Q_894,S_163,Easy,No,Yes,270,8,1,2
Q_895,S_189,Hard,Yes,No,455,3,5,1
Q_896,S_226,Medium,No,Yes,472,10,2,0
Q_897,S_151,Easy,No,No,94,6,3,2
Q_898,S_431,Medium,Yes,Yes,409,3,5,0
Q_899,S_305,Medium,Yes,Yes,487,10,1,1
Q_900,S_102,Easy,Yes,Yes,496,4,1,2
Q_901,S_205,Medium,No,No,72,4,3,0
Q_902,S_116,Hard,Yes,No,544,4,2,1
Q_903,S_229,Easy,No,Yes,253,4,4,2
Q_904,S_371,Easy,Yes,Yes,468,7,3,2
Q_905,S_339,Medium,Yes,No,361,5,1,2
Q_906,S_77,Medium,No,Yes,425,6,5,0
Q_907,S_64,Medium,Yes,No,267,6,1,2
Q_908,S_247,Hard,No,No,367,5,4,0
Q_909,S_190,Easy,No,No,402,9,4,2
Q_910,S_138,Easy,Yes,Yes,437,0,5,1
Q_911,S_248,Hard,Yes,No,577,2,1,0
Q_912,S_238,Easy,Yes,No,242,8,4,0
Q_913,S_436,Easy,Yes,No,551,7,1,0
Q_914,S_405,Hard,Yes,No,84,10,2,3
Q_915,S_401,Hard,Yes,Yes,189,4,4,3
Q_916,S_448,Hard,No,No,542,0,1,0
Q_917,S_111,Hard,Yes,Yes,467,10,5,1
Q_918,S_402,Hard,Yes,Yes,110,0,2,1
Q_919,S_96,Medium,Yes,Yes,354,1,5,2
Q_920,S_94,Easy,Yes,No,374,8,2,2
Q_921,S_117,Hard,Yes,No,338,5,5,2
Q_922,S_66,Medium,No,Yes,100,10,5,3
Q_923,S_321,Easy,No,No,274,4,3,3
Q_924,S_220,Medium,Yes,No,475,7,5,2
Q_925,S_487,Medium,No,No,12,4,2,2
Q_926,S_313,Medium,No,Yes,321,10,2,2
Q_927,S_493,Medium,No,Yes,35,7,4,1
Q_928,S_271,Hard,Yes,No,344,3,4,0
Q_929,S_222,Medium,Yes,Yes,47,8,3,3
Q_930,S_495,Easy,Yes,No,154,6,5,0
Q_931,S_437,Easy,No,No,91,7,3,2
Q_932,S_54,Easy,Yes,No,573,4,1,3
Q_933,S_325,Hard,No,No,557,8,2,1
Q_934,S_86,Hard,No,Yes,575,10,4,0
Q_935,S_440,Easy,No,No,73,9,4,1
Q_936,S_117,Medium,No,Yes,431,5,1,0
Q_937,S_262,Medium,No,Yes,552,6,4,1
Q_938,S_279,Medium,Yes,Yes,301,4,4,3
Q_939,S_1,Hard,No,Yes,492,4,3,0
Q_940,S_293,Easy,No,No,121,9,4,0
Q_941,S_431,Medium,Yes,Yes,101,1,3,2
Q_942,S_76,Medium,No,No,52,10,1,3
Q_943,S_173,Hard,Yes,No,536,2,5,1
Q_944,S_144,Easy,Yes,Yes,14,9,2,3
Q_945,S_70,Medium,Yes,Yes,317,8,5,1
Q_946,S_180,Easy,Yes,No,294,6,2,0
Q_947,S_342,Easy,No,Yes,592,8,5,1
Q_948,S_170,Medium,Yes,Yes,234,3,3,1
Q_949,S_351,Easy,No,No,58,1,1,1
Q_950,S_422,Hard,No,Yes,77,5,3,0
Q_951,S_145,Medium,No,Yes,550,9,3,2
Q_952,S_117,Easy,Yes,No,210,10,3,1
Q_953,S_386,Medium,No,Yes,542,2,5,0
Q_954,S_327,Easy,Yes,No,492,4,4,2
Q_955,S_459,Hard,Yes,No,496,8,1,3
Q_956,S_233,Hard,Yes,Yes,555,3,5,3
Q_957,S_370,Hard,Yes,No,523,0,3,0
Q_958,S_111,Easy,Yes,No,100,1,3,3
Q_959,S_93,Easy,Yes,No,570,8,1,3
Q_960,S_342,Easy,Yes,No,266,2,2,0
Q_961,S_73,Medium,Yes,Yes,194,5,2,1
Q_962,S_195,Hard,No,Yes,178,2,4,2
Q_963,S_49,Medium,No,Yes,225,9,2,1
Q_964,S_327,Medium,No,Yes,295,7,2,1
Q_965,S_371,Medium,No,No,168,4,1,0
Q_966,S_159,Easy,No,Yes,181,5,1,1
Q_967,S_392,Easy,No,Yes,337,10,5,0
Q_968,S_273,Medium,Yes,Yes,314,8,4,1
Q_969,S_369,Hard,No,Yes,161,0,5,2
Q_970,S_174,Easy,No,Yes,420,4,1,2
Q_971,S_21,Hard,Yes,Yes,595,1,5,3
Q_972,S_29,Easy,No,No,394,7,3,3
Q_973,S_191,Hard,Yes,No,313,5,4,2
Q_974,S_466,Hard,No,Yes,150,0,5,3
Q_975,S_400,Medium,No,Yes,45,8,3,3
Q_976,S_410,Easy,Yes,No,357,7,4,0
Q_977,S_59,Hard,No,Yes,344,0,4,0
Q_978,S_205,Medium,No,Yes,42,1,3,0
Q_979,S_26,Medium,Yes,No,534,0,3,3
Q_980,S_448,Hard,Yes,No,240,7,2,1
Q_981,S_244,Hard,Yes,No,101,6,1,3
Q_982,S_210,Hard,No,No,561,1,4,0
Q_983,S_143,Medium,No,No,291,7,1,1
Q_984,S_92,Hard,Yes,No,211,5,1,3
Q_985,S_122,Medium,No,Yes,83,8,1,2
Q_986,S_259,Easy,No,No,563,5,3,3
Q_987,S_409,Medium,Yes,No,138,1,2,0
Q_988,S_327,Medium,Yes,No,39,10,5,3
Q_989,S_473,Hard,Yes,No,263,10,1,0
Q_990,S_132,Medium,Yes,No,220,4,5,0
Q_991,S_153,Easy,Yes,Yes,340,2,2,0
Q_992,S_293,Hard,Yes,Yes,281,2,3,0
Q_993,S_416,Medium,No,No,269,1,3,2
Q_994,S_393,Easy,No,No,409,3,5,1
Q_995,S_496,Hard,Yes,No,241,10,1,3
Q_996,S_360,Medium,Yes,No,271,3,2,0
Q_997,S_496,Medium,Yes,No,353,10,3,3
Q_998,S_138,Hard,Yes,No,104,9,5,2
Q_999,S_134,Easy,Yes,No,243,0,3,2
Q_1000,S_403,Medium,No,No,560,9,3,2
